{
    "coefficients": [
        6.154139621898972,
        0.0,
        0.0,
        -0.0,
        -0.0,
        -0.0,
        0.0,
        0.0,
        3.015446759553906,
        -0.8595277783738762,
        -0.0,
        -8.744494447947721,
        -0.0,
        -0.0,
        -0.0,
        0.0,
        -0.0,
        -0.0
    ],
    "intercept": 74.5,
    "scaler_mean": [
        220.5,
        187.25,
        163.0,
        57.25,
        43.0,
        34.0,
        35.64403371505142,
        28.873836216825186,
        24.91469003170105,
        0.8657779196178733,
        0.7206378256966062,
        0.9075709705786985,
        -0.7518220551419771,
        -0.5731272315129039,
        -0.5094595947989585,
        31.633499999999998,
        50.768525,
        19.135025
    ],
    "scaler_scale": [
        34.311076928595526,
        39.71382001268576,
        32.45766473423496,
        56.74229022519271,
        39.774363602702685,
        35.29164207004259,
        13.19386355309556,
        9.04585374724015,
        8.320793723381179,
        2.7234470036875438,
        2.290310744020098,
        2.297611729891913,
        1.1046257367146504,
        1.021927894616697,
        1.0646877659949279,
        10.430614361340371,
        17.999797868639384,
        7.658816049617265
    ]
}